Year,Average Score,Lowest Score,Highest Score
2013,6.931428571428572,4.8,8.0
2018,7.06842105263158,5.4,8.1
2021,7.06774193548387,5.6,8.1
2022,7.115151515151514,5.4,8.0
