Year,Average Score,Lowest Score,Highest Score
2013,6.931428571428572,4.8,8.0
2018,7.06842105263158,5.4,8.1
2021,7.024999999999999,5.6,8.1
2022,7.064705882352942,5.4,8.0
