Year,Average Score,Lowest Score,Highest Score
2013,6.888888888888889,4.8,8.0
2018,7.073684210526317,5.4,8.1
2021,7.049999999999999,5.6,8.0
2022,7.1468750000000005,5.6,8.0
