Year,Average Score,Lowest Score,Highest Score
2013,6.931428571428572,4.8,8.0
2018,7.06842105263158,5.4,8.1
2021,7.021874999999999,5.6,8.1
2022,7.061764705882353,5.4,8.0
